Workbook

Sheet no_swap
B1: Optimal methods | E1: Heuristic methods
A2: Depositi | B2: Misson time OPT | C2: Cumulative energy OPT | D2: Execution Time OPT | E2: Misson time H | F2: Cumulative energy H | G2: Execution Time H | H2: Mission time | I2: Cumulative energy used by UAVs | J2: Execution Time
A3: Run with 1 depot | B3: 36 | C3: 36 | D3: 0.93629812 | E3: 36 | F3: 36 | G3: 0.0085635419 | H3: =(Tabella1[[#This Row],[Misson time H]]-Tabella1[[#This Row],[Misson time OPT]])/Tabella1[[#This Row],[Misson time OPT]]+0.0001 -> 0.0001 | I3: =(Tabella1[[#This Row],[Cumulative energy H]]-Tabella1[[#This Row],[Cumulative energy OPT]])/Tabella1[[#This Row],[Cumulative energy OPT]]+0.0000001 -> 1e-07 | J3: =(Tabella1[[#This Row],[Execution Time H]]-Tabella1[[#This Row],[Execution Time OPT]])/Tabella1[[#This Row],[Execution Time OPT]] -> -0.99085383
A4: Run with 2 depots | B4: 18 | C4: 36 | D4: 5.6093123 | E4: 20 | F4: 36 | G4: 0.018737979 | H4: =(Tabella1[[#This Row],[Misson time H]]-Tabella1[[#This Row],[Misson time OPT]])/Tabella1[[#This Row],[Misson time OPT]]+0.0001 -> 0.11121111 | I4: =(Tabella1[[#This Row],[Cumulative energy H]]-Tabella1[[#This Row],[Cumulative energy OPT]])/Tabella1[[#This Row],[Cumulative energy OPT]]+0.0000001 -> 1e-07 | J4: =(Tabella1[[#This Row],[Execution Time H]]-Tabella1[[#This Row],[Execution Time OPT]])/Tabella1[[#This Row],[Execution Time OPT]] -> -0.99665949
A5: Run with 3 depots | B5: 12 | C5: 36 | D5: 71.465658 | E5: 12 | F5: 36 | G5: 0.025767942 | H5: =(Tabella1[[#This Row],[Misson time H]]-Tabella1[[#This Row],[Misson time OPT]])/Tabella1[[#This Row],[Misson time OPT]]+0.0001 -> 0.0001 | I5: =(Tabella1[[#This Row],[Cumulative energy H]]-Tabella1[[#This Row],[Cumulative energy OPT]])/Tabella1[[#This Row],[Cumulative energy OPT]]+0.0000001 -> 1e-07 | J5: =(Tabella1[[#This Row],[Execution Time H]]-Tabella1[[#This Row],[Execution Time OPT]])/Tabella1[[#This Row],[Execution Time OPT]] -> -0.99963944
A6: Run with 4 depots | B6: 10 | C6: 36 | D6: 1090.4859 | E6: 12 | F6: 36 | G6: 0.011132529 | H6: =(Tabella1[[#This Row],[Misson time H]]-Tabella1[[#This Row],[Misson time OPT]])/Tabella1[[#This Row],[Misson time OPT]]+0.0001 -> 0.2001 | I6: =(Tabella1[[#This Row],[Cumulative energy H]]-Tabella1[[#This Row],[Cumulative energy OPT]])/Tabella1[[#This Row],[Cumulative energy OPT]]+0.0000001 -> 1e-07 | J6: =(Tabella1[[#This Row],[Execution Time H]]-Tabella1[[#This Row],[Execution Time OPT]])/Tabella1[[#This Row],[Execution Time OPT]] -> -0.99998979
L16: Mission time
M33: Execution time
L49: Cumulative energy

Sheet with_swap-22%bsp-1depot
A1: 22% ROADS | B1: Optimal | I1: Heuristic
A2: scenario | B2: Misson time OPT | C2: Cumulative energy OPT | D2: Execution Time OPT | E2: O BSS used | F2: O Batteries used | G2: UAV solver time | H2: BSS solver time | I2: Misson time H | J2: Cumulative energy H | K2: Execution Time H | L2: H BSS Used | M2: H Batteries used | N2: DARP time | O2: STC time | P2: PP UAV time | Q2: PP BSS time
A3: testset2-d1-bsp22-rand1 | B3: 37 | C3: 36 | D3: =SUM(Tabella13[[#This Row],[UAV solver time]:[BSS solver time]]) -> 50.766944 | E3: 1 | F3: 2 | G3: 50.755986 | H3: 0.010957708 | I3: 37 | J3: 36 | K3: =SUM(Tabella13[[#This Row],[DARP time]:[PP BSS time]]) -> 0.0055285211 | L3: 1 | M3: 2 | N3: 0.000118196 | O3: 0.0042149917 | P3: 0.00082075 | Q3: 0.0003745834
A4: testset2-d1-bsp22-rand2 | B4: 37 | C4: 36 | D4: =SUM(Tabella13[[#This Row],[UAV solver time]:[BSS solver time]]) -> 63.580629 | E4: 1 | F4: 2 | G4: 63.574495 | H4: 0.006134125 | I4: 37 | J4: 36 | K4: =SUM(Tabella13[[#This Row],[DARP time]:[PP BSS time]]) -> 0.0017660833 | L4: 1 | M4: 2 | N4: 7.07419e-05 | O4: 0.0012693875 | P4: 0.0003185458 | Q4: 0.0001074081
A5: testset2-d1-bsp22-rand3 | B5: 37 | C5: 36 | D5: =SUM(Tabella13[[#This Row],[UAV solver time]:[BSS solver time]]) -> 63.231743 | E5: 1 | F5: 2 | G5: 63.22647 | H5: 0.005273167 | I5: 38 | J5: 44 | K5: =SUM(Tabella13[[#This Row],[DARP time]:[PP BSS time]]) -> 0.0034602709 | L5: 1 | M5: 3 | N5: 5.94834e-05 | O5: 0.0024274708 | P5: 0.00083185 | Q5: 0.0001414667
A6: testset2-d1-bsp22-rand4 | B6: 37 | C6: 36 | D6: =SUM(Tabella13[[#This Row],[UAV solver time]:[BSS solver time]]) -> 39.0677 | E6: 1 | F6: 2 | G6: 39.064953 | H6: 0.002747875 | I6: 37 | J6: 36 | K6: =SUM(Tabella13[[#This Row],[DARP time]:[PP BSS time]]) -> 0.0020201371 | L6: 1 | M6: 2 | N6: 6.05834e-05 | O6: 0.0014156165 | P6: 0.0004388833 | Q6: 0.0001050539
A7: testset2-d1-bsp22-rand5 | B7: 37 | C7: 36 | D7: =SUM(Tabella13[[#This Row],[UAV solver time]:[BSS solver time]]) -> 47.810954 | E7: 1 | F7: 2 | G7: 47.808031 | H7: 0.002922833 | I7: 38 | J7: 44 | K7: =SUM(Tabella13[[#This Row],[DARP time]:[PP BSS time]]) -> 0.0012060998 | L7: 1 | M7: 3 | N7: 5.36665e-05 | O7: 0.0006832958 | P7: 0.0003646832 | Q7: 0.0001044543
A8: testset2-d1-bsp22-rand6 | B8: 37 | C8: 36 | D8: =SUM(Tabella13[[#This Row],[UAV solver time]:[BSS solver time]]) -> 38.796645 | E8: 1 | F8: 2 | G8: 38.791584 | H8: 0.005060709 | I8: 38 | J8: 54 | K8: =SUM(Tabella13[[#This Row],[DARP time]:[PP BSS time]]) -> 0.0011470579 | L8: 1 | M8: 3 | N8: 6.23083e-05 | O8: 0.0006240539 | P8: 0.0003464873 | Q8: 0.0001142084
A9: testset2-d1-bsp22-rand7 | B9: 37 | C9: 36 | D9: =SUM(Tabella13[[#This Row],[UAV solver time]:[BSS solver time]]) -> 80.244527 | E9: 1 | F9: 2 | G9: 80.241632 | H9: 0.002895 | I9: 37 | J9: 38 | K9: =SUM(Tabella13[[#This Row],[DARP time]:[PP BSS time]]) -> 0.0012651335 | L9: 1 | M9: 2 | N9: 5.29624e-05 | O9: 0.0008028169 | P9: 0.0003346915 | Q9: 7.46627e-05
A10: testset2-d1-bsp22-rand8 | B10: 37 | C10: 36 | D10: =SUM(Tabella13[[#This Row],[UAV solver time]:[BSS solver time]]) -> 209.85774 | E10: 1 | F10: 2 | G10: 209.85182 | H10: 0.005915333 | I10: 38 | J10: 41 | K10: =SUM(Tabella13[[#This Row],[DARP time]:[PP BSS time]]) -> 0.0010830459 | L10: 1 | M10: 3 | N10: 5.50959e-05 | O10: 0.0006388335 | P10: 0.0002912458 | Q10: 9.78707e-05
A11: testset2-d1-bsp22-rand9 | B11: 37 | C11: 36 | D11: =SUM(Tabella13[[#This Row],[UAV solver time]:[BSS solver time]]) -> 101.43858 | E11: 1 | F11: 2 | G11: 101.43571 | H11: 0.002871333 | I11: 38 | J11: 41 | K11: =SUM(Tabella13[[#This Row],[DARP time]:[PP BSS time]]) -> 0.017791 | L11: 1 | M11: 3 | N11: 0.000341 | O11: 0.01323 | P11: 0.0028 | Q11: 0.00142
B13: =AVERAGE(Tabella13[Misson time OPT]) -> 37 | C13: =AVERAGE(Tabella13[Cumulative energy OPT]) -> 36 | D13: =AVERAGE(Tabella13[Execution Time OPT]) -> 77.199495 | E13: =AVERAGE(Tabella13[[O BSS used ]]) -> 1 | F13: =AVERAGE(Tabella13[O Batteries used]) -> 2 | I13: =AVERAGE(Tabella13[Misson time H]) -> 37.555556 | J13: =AVERAGE(Tabella13[Cumulative energy H]) -> 41.111111 | K13: =AVERAGE(Tabella13[Execution Time H]) -> 0.0039185944 | L13: =AVERAGE(Tabella13[H BSS Used]) -> 1 | M13: =AVERAGE(Tabella13[H Batteries used]) -> 2.5555556
V16: Mission time
W33: Execution time
V50: Cumulative energy

Sheet with_swap-33%bsp-1depot
A1: 33% ROADS | B1: Optimal | I1: Heuristic
A2: scenario | B2: Misson time OPT | C2: Cumulative energy OPT | D2: Execution Time OPT | E2: O BSS used | F2: O Batteries used | G2: UAV solver time | H2: BSS solver time | I2: Misson time H | J2: Cumulative energy H | K2: Execution Time H | L2: H BSS Used | M2: H Batteries used | N2: DARP time | O2: STC time | P2: PP UAV time | Q2: PP BSS time
A3: testset2-d1-bsp33-rand1 | B3: 13 | C3: 24 | D3: =SUM(Tabella1345[[#This Row],[UAV solver time]:[BSS solver time]]) -> 9.249756 | E3: 2 | F3: 4 | G3: 8.2401952 | H3: 1.0095607 | I3: 13 | J3: 31 | K3: =SUM(Tabella1345[[#This Row],[DARP time]:[PP BSS time]]) -> 0.102793 | L3: 1 | M3: 4 | N3: 0.09566 | O3: 0.006097 | P3: 0.000445 | Q3: 0.000591
A4: testset2-d1-bsp33-rand2 | B4: 13 | C4: 27 | D4: =SUM(Tabella1345[[#This Row],[UAV solver time]:[BSS solver time]]) -> 14.638125 | E4: 1 | F4: 4 | G4: 14.630776 | H4: 0.007348666 | I4: 13 | J4: 28 | K4: =SUM(Tabella1345[[#This Row],[DARP time]:[PP BSS time]]) -> 0.001051 | L4: 1 | M4: 4 | N4: 2.8e-05 | O4: 0.000768 | P4: 0.000164 | Q4: 9.1e-05
A5: testset2-d1-bsp33-rand3 | B5: 13 | C5: 24 | D5: =SUM(Tabella1345[[#This Row],[UAV solver time]:[BSS solver time]]) -> 10.883167 | E5: 2 | F5: 4 | G5: 10.420446 | H5: 0.46272058 | I5: 13 | J5: 24 | K5: =SUM(Tabella1345[[#This Row],[DARP time]:[PP BSS time]]) -> 0.073595 | L5: 2 | M5: 4 | N5: 0.072644 | O5: 0.000683 | P5: 0.000176 | Q5: 9.2e-05
A6: testset2-d1-bsp33-rand4 | B6: 13 | C6: 24 | D6: =SUM(Tabella1345[[#This Row],[UAV solver time]:[BSS solver time]]) -> 11.853127 | E6: 2 | F6: 4 | G6: 10.988926 | H6: 0.86420175 | I6: 13 | J6: 24 | K6: =SUM(Tabella1345[[#This Row],[DARP time]:[PP BSS time]]) -> 0.000404 | L6: 2 | M6: 4 | N6: 8e-06 | O6: 0.000244 | P6: 8.9e-05 | Q6: 6.3e-05
A7: testset2-d1-bsp33-rand5 | B7: 13 | C7: 24 | D7: =SUM(Tabella1345[[#This Row],[UAV solver time]:[BSS solver time]]) -> 10.559301 | E7: 2 | F7: 4 | G7: 9.9148981 | H7: 0.64440292 | I7: 13 | J7: 34 | K7: =SUM(Tabella1345[[#This Row],[DARP time]:[PP BSS time]]) -> 0.000423 | L7: 1 | M7: 4 | N7: 1.2e-05 | O7: 0.000237 | P7: 0.000131 | Q7: 4.3e-05
A8: testset2-d1-bsp33-rand6 | B8: 13 | C8: 24 | D8: =SUM(Tabella1345[[#This Row],[UAV solver time]:[BSS solver time]]) -> 9.0309203 | E8: 2 | F8: 4 | G8: 8.0631693 | H8: 0.967751 | I8: 13 | J8: 38 | K8: =SUM(Tabella1345[[#This Row],[DARP time]:[PP BSS time]]) -> 0.000337 | L8: 2 | M8: 4 | N8: 7e-06 | O8: 0.000209 | P8: 7.2e-05 | Q8: 4.9e-05
A9: testset2-d1-bsp33-rand7 | B9: 13 | C9: 24 | D9: =SUM(Tabella1345[[#This Row],[UAV solver time]:[BSS solver time]]) -> 8.6673273 | E9: 2 | F9: 4 | G9: 7.8414565 | H9: 0.82587075 | I9: 13 | J9: 32 | K9: =SUM(Tabella1345[[#This Row],[DARP time]:[PP BSS time]]) -> 0.051876 | L9: 1 | M9: 4 | N9: 0.051268 | O9: 0.00046 | P9: 8.3e-05 | Q9: 6.5e-05
B11: =AVERAGE(Tabella1345[Misson time OPT]) -> 13 | C11: =AVERAGE(Tabella1345[Cumulative energy OPT]) -> 24.428571 | D11: =AVERAGE(Tabella1345[Execution Time OPT]) -> 10.697389 | E11: =AVERAGE(Tabella1345[[O BSS used ]]) -> 1.8571429 | F11: =AVERAGE(Tabella1345[O Batteries used]) -> 4 | I11: =AVERAGE(Tabella1345[Misson time H]) -> 13 | J11: =AVERAGE(Tabella1345[Cumulative energy H]) -> 30.142857 | K11: =AVERAGE(Tabella1345[Execution Time H]) -> 0.032925571 | L11: =AVERAGE(Tabella1345[H BSS Used]) -> 1.4285714 | M11: =AVERAGE(Tabella1345[H Batteries used]) -> 4
V23: Mission time
W40: Execution time
V57: Cumulative energy

Sheet with_swap-100%bsp-1depot
A1: 100% ROADS | B1: Optimal | I1: Heuristic
A2: scenario | B2: Misson time OPT | C2: Cumulative energy OPT | D2: Execution Time OPT | E2: O BSS used | F2: O Batteries used | G2: UAV solver time | H2: BSS solver time | I2: Misson time H | J2: Cumulative energy H | K2: Execution Time H | L2: H BSS Used | M2: H Batteries used | N2: DARP time | O2: STC time | P2: PP UAV time | Q2: PP BSS time
A3: testset2-d1-bsp100-rand1 | B3: 17 | C3: 12 | D3: =SUM(Tabella134[[#This Row],[UAV solver time]:[BSS solver time]]) -> 0 | E3: 1 | F3: 6 | I3: 17 | J3: 12 | K3: =SUM(Tabella134[[#This Row],[DARP time]:[PP BSS time]]) -> 0.003974 | L3: 1 | M3: 6 | N3: 0.00012 | O3: 0.003026 | P3: 0.000254 | Q3: 0.000574
A4: testset2-d1-bsp100-rand2 | B4: 17 | C4: 12 | D4: =SUM(Tabella134[[#This Row],[UAV solver time]:[BSS solver time]]) -> 16.239949 | E4: 1 | F4: 6 | G4: 16.225326 | H4: 0.014622417 | I4: 17 | J4: 12 | K4: =SUM(Tabella134[[#This Row],[DARP time]:[PP BSS time]]) -> 0.001205 | L4: 1 | M4: 6 | N4: 4.9e-05 | O4: 0.000843 | P4: 0.000132 | Q4: 0.000181
A5: testset2-d1-bsp100-rand3 | B5: 17 | C5: 12 | D5: =SUM(Tabella134[[#This Row],[UAV solver time]:[BSS solver time]]) -> 13.775385 | E5: 1 | F5: 6 | G5: 13.759795 | H5: 0.015589833 | I5: 17 | J5: 12 | K5: =SUM(Tabella134[[#This Row],[DARP time]:[PP BSS time]]) -> 0.001561 | L5: 1 | M5: 6 | N5: 5.7e-05 | O5: 0.001036 | P5: 0.000301 | Q5: 0.000167
B7: =AVERAGE(Tabella134[Misson time OPT]) -> 17 | C7: =AVERAGE(Tabella134[Cumulative energy OPT]) -> 12 | D7: =AVERAGE(Tabella134[Execution Time OPT]) -> 10.005111 | E7: =AVERAGE(Tabella134[[O BSS used ]]) -> 1 | F7: =AVERAGE(Tabella134[O Batteries used]) -> 6 | I7: =AVERAGE(Tabella134[Misson time H]) -> 17 | J7: =AVERAGE(Tabella134[Cumulative energy H]) -> 12 | K7: =AVERAGE(Tabella134[Execution Time H]) -> 0.0022466667 | L7: =AVERAGE(Tabella134[H BSS Used]) -> 1 | M7: =AVERAGE(Tabella134[H Batteries used]) -> 6
V16: Mission time
W33: Execution time
V50: Cumulative energy

Sheet with_swap-summary
A1: SUMMARY | B1: Optimal methods | G1: Heuristic methods | L1: Difference
A2: scenario | B2: Misson time OPT | C2: Cumulative energy OPT | D2: Execution Time OPT | E2: O BSS used | F2: O Batteries used | G2: Misson time H | H2: Cumulative energy H | I2: Execution Time H | J2: H BSS Used | K2: H Batteries used | L2: Mission time | M2: Cumulative energy used by UAVs | N2: No. of BSSes used | O2: No. of battery used by UAVs | P2: Execution time
A3: Test set #1 | B3: ='with_swap-22%bsp-1depot'!B13 -> 37 | C3: ='with_swap-22%bsp-1depot'!C13 -> 36 | D3: ='with_swap-22%bsp-1depot'!D13 -> 77.199495 | E3: ='with_swap-22%bsp-1depot'!E13 -> 1 | F3: ='with_swap-22%bsp-1depot'!F13 -> 2 | G3: ='with_swap-22%bsp-1depot'!I13 -> 37.555556 | H3: ='with_swap-22%bsp-1depot'!J13 -> 41.111111 | I3: ='with_swap-22%bsp-1depot'!K13 -> 0.0039185944 | J3: ='with_swap-22%bsp-1depot'!L13 -> 1 | K3: ='with_swap-22%bsp-1depot'!M13 -> 2.5555556 | L3: =(Tabella5[[#This Row],[Misson time H]]-Tabella5[[#This Row],[Misson time OPT]])/Tabella5[[#This Row],[Misson time OPT]]+0.000001 -> 0.015016015 | M3: =(Tabella5[[#This Row],[Cumulative energy H]]-Tabella5[[#This Row],[Cumulative energy OPT]])/Tabella5[[#This Row],[Cumulative energy OPT]]+0.00001 -> 0.14198531 | N3: =(Tabella5[[#This Row],[H BSS Used]]-Tabella5[[#This Row],[O BSS used ]])/Tabella5[[#This Row],[O BSS used ]]+0.000001 -> 1e-06 | O3: =(Tabella5[[#This Row],[H Batteries used]]-Tabella5[[#This Row],[O Batteries used]])/Tabella5[[#This Row],[O Batteries used]]+0.000001 -> 0.27777878 | P3: =(Tabella5[[#This Row],[Execution Time H]]-Tabella5[[#This Row],[Execution Time OPT]])/Tabella5[[#This Row],[Execution Time OPT]] -> -0.99994924 | R3: =((Tabella5[[#This Row],[Execution Time OPT]]-Tabella5[[#This Row],[Execution Time H]])/Tabella5[[#This Row],[Execution Time OPT]])*100 -> 99.994924
A4: Test set #2 | B4: ='with_swap-33%bsp-1depot'!B11 -> 13 | C4: ='with_swap-33%bsp-1depot'!C11 -> 24.428571 | D4: ='with_swap-33%bsp-1depot'!D11 -> 10.697389 | E4: ='with_swap-33%bsp-1depot'!E11 -> 1.8571429 | F4: ='with_swap-33%bsp-1depot'!F11 -> 4 | G4: ='with_swap-33%bsp-1depot'!I11 -> 13 | H4: ='with_swap-33%bsp-1depot'!J11 -> 30.142857 | I4: ='with_swap-33%bsp-1depot'!K11 -> 0.032925571 | J4: ='with_swap-33%bsp-1depot'!L11 -> 1.4285714 | K4: ='with_swap-33%bsp-1depot'!M11 -> 4 | L4: =(Tabella5[[#This Row],[Misson time H]]-Tabella5[[#This Row],[Misson time OPT]])/Tabella5[[#This Row],[Misson time OPT]]+0.000001 -> 1e-06 | M4: =(Tabella5[[#This Row],[Cumulative energy H]]-Tabella5[[#This Row],[Cumulative energy OPT]])/Tabella5[[#This Row],[Cumulative energy OPT]]+0.00001 -> 0.23392813 | N4: =(Tabella5[[#This Row],[H BSS Used]]-Tabella5[[#This Row],[O BSS used ]])/Tabella5[[#This Row],[O BSS used ]]+0.000001 -> -0.23076823 | O4: =(Tabella5[[#This Row],[H Batteries used]]-Tabella5[[#This Row],[O Batteries used]])/Tabella5[[#This Row],[O Batteries used]]+0.000001 -> 1e-06 | P4: =(Tabella5[[#This Row],[Execution Time H]]-Tabella5[[#This Row],[Execution Time OPT]])/Tabella5[[#This Row],[Execution Time OPT]] -> -0.99692209 | R4: =((Tabella5[[#This Row],[Execution Time OPT]]-Tabella5[[#This Row],[Execution Time H]])/Tabella5[[#This Row],[Execution Time OPT]])*100 -> 99.692209
A5: Test set #3 | B5: ='with_swap-100%bsp-1depot'!B7 -> 17 | C5: ='with_swap-100%bsp-1depot'!C7 -> 12 | D5: ='with_swap-100%bsp-1depot'!D7 -> 10.005111 | E5: ='with_swap-100%bsp-1depot'!E7 -> 1 | F5: ='with_swap-100%bsp-1depot'!F7 -> 6 | G5: ='with_swap-100%bsp-1depot'!I7 -> 17 | H5: ='with_swap-100%bsp-1depot'!J7 -> 12 | I5: ='with_swap-100%bsp-1depot'!K7 -> 0.0022466667 | J5: ='with_swap-100%bsp-1depot'!L7 -> 1 | K5: ='with_swap-100%bsp-1depot'!M7 -> 6 | L5: =(Tabella5[[#This Row],[Misson time H]]-Tabella5[[#This Row],[Misson time OPT]])/Tabella5[[#This Row],[Misson time OPT]]+0.000001 -> 1e-06 | M5: =(Tabella5[[#This Row],[Cumulative energy H]]-Tabella5[[#This Row],[Cumulative energy OPT]])/Tabella5[[#This Row],[Cumulative energy OPT]]+0.00001 -> 1e-05 | N5: =(Tabella5[[#This Row],[H BSS Used]]-Tabella5[[#This Row],[O BSS used ]])/Tabella5[[#This Row],[O BSS used ]]+0.000001 -> 1e-06 | O5: =(Tabella5[[#This Row],[H Batteries used]]-Tabella5[[#This Row],[O Batteries used]])/Tabella5[[#This Row],[O Batteries used]]+0.000001 -> 1e-06 | P5: =(Tabella5[[#This Row],[Execution Time H]]-Tabella5[[#This Row],[Execution Time OPT]])/Tabella5[[#This Row],[Execution Time OPT]] -> -0.99977545 | R5: =((Tabella5[[#This Row],[Execution Time OPT]]-Tabella5[[#This Row],[Execution Time H]])/Tabella5[[#This Row],[Execution Time OPT]])*100 -> 99.977545
